SET IDENTITY_INSERT [Propertys] ON;
INSERT INTO Propertys(PropertyID, AddressProperty, Class, Price, Condition)
VALUES
	(1, 'ул. Ленина, д. 10', 'Дом', 3500000, 'Отличное'),
    (2, 'пр. Победы, д. 25, кв. 1', 'Квартира', 1500000, 'Хорошее'),
    (3, 'ул. Советская, д. 15, кв. 3', 'Квартира', 2100000, 'Удовлетворительное'),
    (4, 'ул. Гагарина, д. 7', 'Техническое помещение', 800000, 'Удовлетворительное'),
    (5, 'ул. Московская, д. 3', 'Дом', 5000000, 'Отличное'),
    (6, 'пр. Свердлова, д. 18, кв.52', 'Квартира', 900000, 'Отличное'),
    (7, 'ул. Кирова, д. 9, кв. 12', 'Квартира', 1350000, 'Отличное'),
    (8, 'ул. Горького, д. 22', 'Дом', 4200000, 'Хорошее'),
    (9, 'ул. Жукова, д. 5', 'Техническое помещение', 600000, 'Хорошее'),
    (10, 'пр. Ленина, д. 30, кв. 7', 'Квартира', 1750000, 'Отличное'),
    (11, 'ул. Пролетарская, д. 14', 'Дом', 2000000, 'Плохое'),
    (12, 'ул. Чехова, д. 2', 'Дом', 1900000, 'Плохое'),
    (13, 'ул. Фрунзе, д. 11', 'Техническое помещение', 850000, 'Хорошее'),
    (14, 'пер. Лесной, д. 6, кв. 6', 'Квартира', 1700000, 'Удовлетворительное'),
    (15, 'ул. Совхозная, д. 9', 'Дом', 4800000, 'Отличное'),
    (16, 'пр. Комсомольский, д. 33, кв. 12', 'Квартира', 1250000, 'Отличное'),
    (17, 'ул. Центральная, д. 8', 'Дом', 1950000, 'Плохое'),
    (18, 'ул. Мира, д. 12, кв. 15', 'Квартира', 2050000, 'Хорошее'),
    (19, 'ул. Лесная, д. 20', 'Техническое помещение', 550000, 'Отличное'),
    (20, 'пер. Садовый, д. 4, кв. 85', 'Квартира', 1100000, 'Плохое'),
    (21, 'ул. Парковая, д. 16, кв. 99', 'Квартира', 1300000, 'Плохое'),
    (22, 'ул. Зеленая, д. 3', 'Дом', 3800000, 'Плохое'),
    (23, 'ул. Солнечная, д. 7', 'Дом', 4200000, 'Отличное'),
    (24, 'пр. Гагарина, д. 10', 'Дом', 1450000, 'Плохое'),
    (25, 'ул. Красноармейская, д. 28', 'Техническое помещение', 650000, 'Хорошее'),
    (26, 'пер. Советский, д. 5', 'Техническое помещение', 690000, 'Хорошее'),
    (27, 'пр. Железнодорожный, д. 22, кв. 77', 'Квартира', 4600000, 'Отлчичное'),
    (28, 'ул. Пионерская, д. 12', 'Дом', 1400000, 'Хорошее'),
    (29, 'ул. Луговая, д. 9', 'Дом', 5300000, 'Отличное'),
    (30, 'пер. Школьный, д. 3', 'Дом', 1200000, 'Плохое'),
    (31, 'ул. Пушкина, д. 17, кв. 66', 'Квартира', 1500000, 'Плохое'),
    (32, 'ул. Садовая, д. 8, кв. 2', 'Квартира', 1750000, 'Удовлетворительное'),
    (33, 'ул. Мичурина, д. 14', 'Техническое помещение', 400000, 'Плохое'),
    (34, 'пр. Новый, д. 6, кв. 17', 'Квартира', 1850000, 'Хорошее'),
    (35, 'ул. Молодежная, д. 25', 'Дом', 5000000, 'Отличное'),
    (36, 'пер. Северный, д. 11, кв. 44', 'Квартира', 1000000, 'Плохое'),
    (37, 'ул. Школьная, д. 20', 'Техническое помещение', 750000, 'Хорошее'),
    (38, 'ул. Цветочная, д. 5', 'Дом', 4200000, 'Отличное'),
    (39, 'ул. Речная, д. 8', 'Дом', 4900000, 'Отличное'),
    (40, 'пр. Лесной, д. 36, кв. 2', 'Квартира', 1100000, 'Плохое'),
    (41, 'ул. Набережная, д. 18, кв. 81', 'Квартира', 1300000, 'Удовлетворительное'),
    (42, 'ул. Спортивная, д. 11', 'Техническое помещение', 320000, 'Плохое'),
    (43, 'ул. Дачная, д. 7', 'Дом', 4400000, 'Отличное'),
	(44, 'ул. Гагарина, д. 16, кв. 16', 'Квартира', 4400000, 'Отличное'),
	(45, 'ул. Центральная, д. 85', 'Дом', 4400000, 'Отличное'),
	(46, 'ул. Пионерская, д. 72', 'Техническое помещение', 400000, 'Плохое'),
	(47, 'ул. Мичурина, д. 56', 'Дом', 4400000, 'Отличное'),
	(48, 'ул. Cолнечная, д. 85, кв. 90', 'Квартира', 4400000, 'Хорошее'),
	(49, 'ул. Красноармейская, д. 97', 'Техническое помещение', 490000, 'Удовлетворительное'),
	(50, 'ул. Пушкина, д. 45', 'Дом', 4400000, 'Отличное');
SET IDENTITY_INSERT [Propertys] OFF;

SET IDENTITY_INSERT [Clients] ON;
INSERT INTO Clients (ClientsID, FirstName, MiddleName, LastName, PhoneNumber, Email)
VALUES
    (1, 'Иван', 'Иванович', 'Петров', '9105773836', 'ivanpetrov7@gmail.com'),
    (2, 'Мария', 'Михайловна', 'Сидорова', '9156006768', 'maria555sidorova@gmail.com'),
    (3, 'Алексей', 'Алексеевич', 'Иванов', '9154556768', 'aleksey.ivanov@mail.ru'),
    (4, 'Екатерина', 'Александровна', 'Козлова', '9307777777', 'ekatkozlova@gmail.com'),
    (5, 'Дмитрий', 'Дмитриевич', 'Смирнов', '9528366060', 'dmitriy.smirnov@mail.ru'),
    (6, 'Ольга', 'Андреевна', 'Кузнецова', '9101234567', 'olga.nikolaeva@yandex.ru'),
    (7, 'Сергей', 'Сергеевич', 'Кузнецов', '9128124951', 'sergeyGG@gmail.com'),
    (8, 'Анна', 'Александровна', 'Павлова', '9205673226', 'anna2002@gmail.com'),
    (9, 'Павел', 'Павлович', 'Васильев', '9161173896', 'pavel.vasilyev@yandex.ru'),
    (10, 'Елена', 'Дмитриевна', 'Сергеева', '9175611116', 'elena2005sergeeva@mail.ru'),
    (11, 'Наталья', 'Игоревна', 'Морозова', '9706771836', 'natalya.morozova@yandex.ru'),
    (12, 'Игорь', 'Владимирович', 'Семенов', '9112773835', 'igor.semenov@gmail.com'),
    (13, 'Валентина', 'Петровна', 'Коннова', '9025753535', 'valya777@gmail.com'),
    (14, 'Александра', 'Ивановна', 'Сергеевна', '9031233836', 'alexandra.alexandrova@mail.ru'),
    (15, 'Владимир', 'Михайлович', 'Жуков', '9045198886', 'vladimir0000zhukov@gmail.com'),
    (16, 'Татьяна', 'Александровна', 'Королева', '9196663836', 'tatyana.koroleva@gmail.com'),
    (17, 'Артем', 'Сергеевич', 'Королев', '9133333836', 'artem.grigoriev@gmail.com'),
    (18, 'Евгения', 'Ивановна', 'Смирнова', '9235113836', 'evgeniya.romanova@gmail.com'),
    (19, 'Михаил', 'Михайлович', 'Макаров', '9157776662', 'mikhail.makarov@gmail.com'),
    (20, 'Олег', 'Владимирович', 'Киселев', '9188883296', 'oleg.kiselev@gmail.com'),
    (21, 'Евгений', 'Александрович', 'Степанов', '9671132826', 'stepanov@yandex.ru'),
    (22, 'Ирина', 'Георгиевна', 'Иваницкая', '9518123855', 'irishka123@mail.ru'),
    (23, 'Маргарита', 'Сергеевна', 'Сергевчева', '9063013366', 'margarita.andreeva@gmail.com'),
    (24, 'Валерия', 'Никитина', 'Игоревна', '9102246789', 'valeriya.nikitina@gmail.com'),
    (25, 'Виктор', 'Сергеевич', 'Редин', '9718174545', 'viktor.kudryavtsev@gmail.com'),
    (26, 'София', 'Богдановна', 'Будаева', '9669663226', 'sofiya.bogdanova@gmail.com'),
    (27, 'Никита', 'Михайлович', 'Захаров', '9863225196', 'nikita.zakharov@gmail.com'),
    (28, 'Елена', 'Валерьевна', 'Комарова', '9105751111', 'elena.komarova@gmail.com'),
    (29, 'Дарья', 'Алексеевна', 'Волкова', '9406009292', 'darya.volkova@gmail.com'),
    (30, 'Алексей', 'Сергеевич', 'Тимофеев', '9117729846', 'aleksey.timofeev@mail.ru'),
    (31, 'Екатерина', 'Дмитриевна', 'Орлова', '9362001717', 'ekaterina.orlova@mail.ru'),
    (32, 'Валентин', 'Игоревич', 'Рязанцев', '9775003131', 'valentin.antonov@yandex.ru'),
    (33, 'Анастасия', 'Сергеевна', 'Красильникова', '9969993591', 'anastasiya.krasilnikova@gmail.com'),
    (34, 'Илья', 'Александрович', 'Егоров', '9552226065', 'ilya.mironov@gmail.com'),
    (35, 'Ксения', 'Петровна', 'Егорова', '9331175150', 'kseniya.egorova@yandex.ru'),
    (36, 'Андрей', 'Владимирович', 'Стрельцов', '9209948910', 'andrey.gavrilov@yandex.ru'),
    (37, 'Алина', 'Витальевна', 'Пономарева', '9605010893', 'alina.ponomareva@yandex.ru'),
    (38, 'Роман', 'Иванович', 'Савченко', '9325676095', 'roman.sergeev@mail.ru'),
    (39, 'Марина', 'Игоревна', 'Полещук', '9805552277', 'marina.konstantinova@gmail.com'),
    (40, 'Светлана', 'Викторовна', 'Кузнецова', '9855717734', 'svetlana.petrova@gmail.com'),
    (41, 'Глеб', 'Михайлович', 'Волков', '9002251501', 'glebvolkov4@gmail.com'),
    (42, 'Олеся', 'Александровна', 'Фомина', '9273002121', 'olesya.fomina@gmail.com'),
    (43, 'Игнат', 'Сергеевич', 'Соколов', '9881506543', 'ignat11s0kolov@gmail.com'),
    (44, 'Алла', 'Павловна', 'Волкова', '9087654321', 'alla.vasilyeva@gmail.com'),
    (45, 'Денис', 'Михайлович', 'Зайцев', '9031671298', 'denis.zaytsev@gmail.com'),
    (46, 'Юлия', 'Алексеевна', 'Кравченко', '9816508888', 'yuliya.kravchenko@yandex.ru'),
    (47, 'Василиса', 'Ивановна', 'Афанасьева', '9199196632', 'vasilisa.afanasyeva@mail.ru'),
    (48, 'Вадим', 'Алексеевич', 'Трофимов', '9586163488', 'vadim.trofimov@yandex.ru'),
    (49, 'Маргарита', 'Александровна', 'Сорокина', '9119005030', 'margarita.sorokina@mail.ru'),
    (50, 'Борис', 'Иванович', 'Бачурин', '9997007777', 'boris.saveliev@gmail.com');
SET IDENTITY_INSERT [Clients] OFF;

SET IDENTITY_INSERT [Agencys] ON;
INSERT INTO Agencys(AgencyID, NameAgency, AddressAgency, PhoneAgency)
VALUES
    (1, 'Элитное агентство "Ключ"', 'ул. Пушкина, д. 110', '9123456789'),
    (2, 'Недвижимость62', 'пр. Ленина, д. 120', '9234567890'),
    (3, 'Престиж Недвижимость', 'ул. Гагарина, д. 115', '9345678901'),
    (4, 'Актив', 'пер. Советский, д. 225', '9456789012'),
    (5, 'Ваш Дом', 'ул. Мира, д. 125', '9567890123'),
    (6, 'Созвездие Недвижимости', 'пр. Свердлова, д. 98', '9678901234'),
    (7, 'Мегаполис Недвижимость', 'ул. Жукова, д. 120', '9789012345'),
    (8, 'Районный Дом', 'ул. Лесная, д. 135', '9890123456'),
    (9, 'Центральное Агентство Недвижимости', 'пр. Победы, д. 95','9903334567'),
    (10, 'Эксклюзив Недвижимость', 'ул. Кирова, д. 130', '9912345678'),
    (11, 'Элитный Дом', 'пер. Ленина, д. 140', '9923456789'),
    (12, 'Премиум Недвижимость', 'ул. Центральная, д. 122', '9934567890'),
    (13, 'Империя Недвижимости', 'пр. Гагарина, д. 125', '9945678901'),
    (14, 'Комфорт Жилье', 'ул. Школьная, д. 130', '9956789012'),
    (15, 'Эксперт Недвижимость', 'пр. Советский, д. 215', '9967890123'),
    (16, 'Солнечный Город', 'ул. Пионерская, д. 123', '9978901234'),
    (17, 'Оазис Недвижимости', 'пер. Железнодорожный, д. 121', '9989012345'),
    (18, 'Уютный Дом', 'ул. Новая, д. 118', '9990123456'),
    (19, 'Взгляд в Будущее', 'пр. Парковый, д. 69', '9901234567'),
    (20, 'Пространство Жилья', 'ул. Солнечная, д. 100', '9912345678'),
    (21, 'Райский Уголок', 'пер. Лесной, д. 112', '9923456789'),
    (22, 'Уверенность в Завтрашнем Дне', 'ул. Садовая, д. 99', '9037899123'),
    (23, 'Профессиональная Недвижимость', 'пр. Комсомольский, д. 99', '9657890123'),
    (24, 'Ключ к Успеху', 'ул. Героев, д. 87', '9677902264'),
    (25, 'Альтернатива Недвижимости', 'пер. Цветочный, д. 65', '9389055545'),
    (26, 'Росток Жилья', 'ул. Речная, д. 130', '9811139045'),
	(27, 'Недвижимость-Про', 'ул. Ленина, д. 114', '9601587262'),
    (28, 'Эксперт Недвижимости', 'пр. Победы, д. 129', '9356719011'),
    (29, 'Лучшая Недвижимость', 'ул. Советская, д. 155', '9377871292'),
    (30, 'Недвижимость 24/7', 'ул. Гагарина, д. 107', '9876001515'),
    (31, 'Престиж', 'ул. Московская, д. 63', '9771001919'),
    (32, 'Надежная Недвижимость', 'пр. Свердлова, д. 218', '9516006666'),
    (33, 'Элитное Жилье', 'ул. Кирова, д. 109', '9528008888'),
    (34, 'Империя', 'ул. Горького, д. 202', '9531001166'),
    (35, 'Лидер-Недвижимость', 'ул. Жукова, д.205', '9542003333'),
    (36, 'Гарант', 'пр. Ленина, д. 90', '9554004444'),
    (37, 'Эксперт', 'ул. Пролетарская, д. 114', '9563002222'),
    (38, 'Мегаполис', 'ул. Чехова, д. 1', '9578008888'),
    (39, 'Столица Недвижимости', 'ул. Фрунзе, д. 101', '9589001166'),
    (40, 'Метрополия', 'пер. Лесной, д. 66', '9418985635'),
    (41, 'Ваша Недвижимость', 'ул. Совхозная, д. 139', '9421184410'),
    (42, 'Ключ к Дому', 'пр. Комсомольский, д. 133', '9877934001'),
    (43, 'Эксперт-Сервис', 'ул. Центральная, д. 118', '9877935002'),
    (44, 'Мегаполис-Про', 'ул. Мира, д. 112', '9439127700'),
    (45, 'Премьер', 'ул. Лесная, д. 92', '9446265502'),
    (46, 'Элитна-Про', 'пер. Садовый, д. 104', '9459941020'),
    (47, 'Новая Жизнь', 'ул. Парковая, д. 116', '9469952030'),
	(48, 'Квартирный Комфорт', 'ул. Строителей, д. 12', '9296168033'),
	(49, 'Риелтор-Про', 'ул. Московская, д. 173', '9627286473'),
	(50, 'Городской Квартал', 'ул. Кирова, д. 179', '9998801592');
SET IDENTITY_INSERT [Agencys] OFF;

SET IDENTITY_INSERT [Transactions] ON;
INSERT INTO Transactions (TransactionsID,PropertyID, ClientsID, AgencyID, TransactionDate, AmountTransaction)
VALUES 
(1, 1, 1, 1, CONVERT(date, '2020-01-05', 23), 3500000),
(2, 2, 2, 2, CONVERT(date, '2020-02-02', 23), 1500000),
(3, 3, 3, 3, CONVERT(date, '2020-03-03', 23), 21000),
(4, 4, 4, 4, CONVERT(date, '2020-04-09', 23), 800000),
(5, 5, 5, 5, CONVERT(date, '2020-05-01', 23), 5000000),
(6, 6, 6, 6, CONVERT(date, '2020-06-03', 23), 900000),
(7, 7, 7, 7, CONVERT(date, '2020-07-07', 23), 13500),
(8, 8, 8, 8, CONVERT(date, '2020-09-08', 23), 42000),
(9, 9, 9, 9, CONVERT(date, '2020-09-09', 23), 600000),
(10, 10, 10, 10, CONVERT(date, '2020-10-10', 23), 1750000),
(11, 11, 11, 11, CONVERT(date, '2020-11-18', 23), 20000),
(12, 12, 12, 12, CONVERT(date, '2020-12-12', 23), 1900000),
(13, 13, 13, 13, CONVERT(date, '2021-01-16', 23), 850000),
(14, 14, 14, 14, CONVERT(date, '2021-02-14', 23), 1700000),
(15, 15, 15, 15, CONVERT(date, '2021-03-15', 23), 48000),
(16, 16, 16, 16, CONVERT(date, '2021-04-22', 23), 12500),
(17, 17, 17, 17, CONVERT(date, '2021-05-17', 23), 19500),
(18, 18, 18, 18, CONVERT(date, '2021-06-25', 23), 2050000),
(19, 19, 19, 19, CONVERT(date, '2021-07-19', 23), 550000),
(20, 20, 20, 20, CONVERT(date, '2021-08-20', 23), 1100000),
(21, 21, 21, 21, CONVERT(date, '2021-09-21', 23), 13000),
(22, 22, 22, 22, CONVERT(date, '2021-10-22', 23), 3800000),
(23, 23, 23, 23, CONVERT(date, '2021-11-23', 23), 42000),
(24, 24, 24, 24, CONVERT(date, '2021-12-24', 23), 1450000),
(25, 25, 25, 25, CONVERT(date, '2022-01-25', 23), 650000),
(26, 26, 26, 26, CONVERT(date, '2022-02-26', 23), 690000),
(27, 27, 27, 27, CONVERT(date, '2022-03-27', 23), 4600000),
(28, 28, 28, 28, CONVERT(date, '2022-04-28', 23), 1400000),
(29, 29, 29, 29, CONVERT(date, '2022-05-29', 23), 5300000),
(30, 30, 30, 30, CONVERT(date, '2022-06-21', 23), 1200000),
(31, 31, 31, 31, CONVERT(date, '2022-07-30', 23), 1500000),
(32, 32, 32, 32, CONVERT(date, '2022-08-22', 23), 1750000),
(33, 33, 33, 33, CONVERT(date, '2022-09-02', 23), 400000),
(34, 34, 34, 34, CONVERT(date, '2022-10-03', 23), 1850000),
(35, 35, 35, 35, CONVERT(date, '2022-11-27', 23), 5000000),
(36, 36, 36, 36, CONVERT(date, '2022-12-05', 23), 1000000),
(37, 37, 37, 37, CONVERT(date, '2023-01-06', 23), 75000),
(38, 38, 38, 38, CONVERT(date, '2023-02-16', 23), 4200000),
(39, 39, 39, 39, CONVERT(date, '2023-03-08', 23), 49000),
(40, 40, 40, 40, CONVERT(date, '2023-04-15', 23), 1100000),
(41, 41, 41, 41, CONVERT(date, '2023-05-11', 23), 1300000),
(42, 42, 42, 42, CONVERT(date, '2023-06-09', 23), 320000),
(43, 43, 43, 43, CONVERT(date, '2023-07-08', 23), 4400000),
(44, 44, 44, 44, CONVERT(date, '2023-08-04', 23), 4400000),
(45, 45, 45, 45, CONVERT(date, '2023-09-01', 23), 4400000),
(46, 46, 46, 46, CONVERT(date, '2023-10-02', 23), 40000),
(47, 47, 47, 47, CONVERT(date, '2023-11-25', 23), 4400000),
(48, 48, 48, 48, CONVERT(date, '2023-12-29', 23), 44000),
(49, 49, 49, 49, CONVERT(date, '2024-01-17', 23), 490000),
(50, 50, 50, 50, CONVERT(date, '2024-02-07', 23), 4400000);
SET IDENTITY_INSERT [Transactions] OFF;

SET IDENTITY_INSERT [TypeTransactions] ON;
INSERT INTO TypeTransactions(TransactionTypeID, TransactionsID, TypeName)
VALUES
(1, 1, 'Продажа'),
(2, 2, 'Покупка'),
(3, 3, 'Аренда'),
(4, 4, 'Покупка'),
(5, 5, 'Продажа'),
(6, 6, 'Покупка'),
(7, 7, 'Аренда'),
(8, 8, 'Аренда'),
(9, 9, 'Продажа'),
(10, 10, 'Продажа'),
(11, 11, 'Аренда'),
(12, 12, 'Продажа'),
(13, 13, 'Продажа'),
(14, 14, 'Покупка'),
(15, 15, 'Аренда'),
(16, 16, 'Аренда'),
(17, 17, 'Аренда'),
(18, 18, 'Покупка'),
(19, 19, 'Продажа'),
(20, 20, 'Покупка'),
(21, 21, 'Аренда'),
(22, 22, 'Продажа'),
(23, 23, 'Покупка'),
(24, 24, 'Аренда'),
(25, 25, 'Покупка'),
(26, 26, 'Аренда'),
(27, 27, 'Продажа'),
(28, 28, 'Продажа'),
(29, 29, 'Продажа'),
(30, 30, 'Продажа'),
(31, 31, 'Покупка'),
(32, 32, 'Покупка'),
(33, 33, 'Покупка'),
(34, 34, 'Продажа'),
(35, 35, 'Покупка'),
(36, 36, 'Покупка'),
(37, 37, 'Аренда'),
(38, 38, 'Покупка'),
(39, 39, 'Аренда'),
(40, 40, 'Покупка'),
(41, 41, 'Продажа'),
(42, 42, 'Покупка'),
(43, 43, 'Продажа'),
(44, 44, 'Продажа'),
(45, 45, 'Покупка'),
(46, 46, 'Аренда'),
(47, 47, 'Продажа'),
(48, 48, 'Аренда'),
(49, 49, 'Покупка'),
(50, 50, 'Покупка');
SET IDENTITY_INSERT [TypeTransactions] OFF;